<?xml version="1.0" encoding="utf-8"?>
<!--/490008/1505732/2.50/4/4/Phototransistor/-->
<quadcept_library>
  <setting unit="mil" />
  <textstyle name="Default" height="47.244094488189" strokewidth="7.8740157480315" charwidth="47.244094488189" />
  <textstyle name="Dimension" height="19.6850393700787" strokewidth="0" charwidth="19.6850393700787" />
  <textstyle name="H127W0635TH00762" height="50" strokewidth="3" charwidth="25" />
  <textstyle name="H15W15TH02" height="59.0551181102362" strokewidth="7.8740157480315" charwidth="59.0551181102362" />
  <padstyle name="c131.6_h81" surface="False" plated="True" isvia="False" nopaste="True" nomask="True" complex="False" holesize="31.889763779527">
    <padshape layer="TOP" shape="round" width="51.811023622047" height="51.811023622047" />
    <padshape layer="TOP_SOLDER_MASK" shape="round" width="59.685039370078" height="59.685039370078" />
    <padshape layer="INNER" shape="round" width="51.811023622047" height="51.811023622047" />
    <padshape layer="BOTTOM" shape="round" width="51.811023622047" height="51.811023622047" />
    <padshape layer="BOTTOM_SOLDER_MASK" shape="round" width="59.685039370078" height="59.685039370078" />
  </padstyle>
  <padstyle name="s131.6_h81" surface="False" plated="True" isvia="False" nopaste="True" nomask="True" complex="False" holesize="31.889763779527">
    <padshape layer="TOP" shape="square" width="51.811023622047" height="51.811023622047" />
    <padshape layer="TOP_SOLDER_MASK" shape="square" width="59.685039370078" height="59.685039370078" />
    <padshape layer="INNER" shape="square" width="51.811023622047" height="51.811023622047" />
    <padshape layer="BOTTOM" shape="square" width="51.811023622047" height="51.811023622047" />
    <padshape layer="BOTTOM_SOLDER_MASK" shape="square" width="59.685039370078" height="59.685039370078" />
  </padstyle>
  <padstyle name="c60_h120" surface="False" plated="True" isvia="False" nopaste="True" nomask="True" complex="False" holesize="47.244094488188">
    <padshape layer="TOP" shape="round" width="23.622047244094" height="23.622047244094" />
    <padshape layer="TOP_SOLDER_MASK" shape="round" width="31.496062992126" height="31.496062992126" />
    <padshape layer="INNER" shape="round" width="23.622047244094" height="23.622047244094" />
    <padshape layer="BOTTOM" shape="round" width="23.622047244094" height="23.622047244094" />
    <padshape layer="BOTTOM_SOLDER_MASK" shape="round" width="31.496062992126" height="31.496062992126" />
  </padstyle>
  <footprint name="GP1S094HCZ0F" originx="0" originy="0" pickpointx="0" pickpointy="0">
    <pcbpin number="1" name="1" style="s131.6_h81" originx="0" originy="0" rotation="90" />
    <pcbpin number="2" name="2" style="c131.6_h81" originx="-179.13385826771" originy="0" rotation="90" />
    <pcbpin number="3" name="3" style="c131.6_h81" originx="-179.13385826771" originy="-78.740157480314" rotation="90" />
    <pcbpin number="4" name="4" style="c131.6_h81" originx="0" originy="-78.740157480314" rotation="90" />
    <pcbpin number="5" name="MH1" style="c60_h120" originx="-89.566929133857" originy="-68.897637795275" rotation="90" />
    <line layer="TOP_ASSEMBLY" originx="-197.83464566929" originy="11.811023622047" endx="18.700787401575" endy="11.811023622047" width="7.8740157480314" />
    <line layer="TOP_ASSEMBLY" originx="18.700787401575" originy="11.811023622047" endx="18.700787401575" endy="-90.551181102361" width="7.8740157480314" />
    <line layer="TOP_ASSEMBLY" originx="18.700787401575" originy="-90.551181102361" endx="-197.83464566929" endy="-90.551181102361" width="7.8740157480314" />
    <line layer="TOP_ASSEMBLY" originx="-197.83464566929" originy="-90.551181102361" endx="-197.83464566929" endy="11.811023622047" width="7.8740157480314" />
    <line layer="TOP_PLACE_BOUND" originx="-244.40944881889" originy="65.27559055118" endx="65.27559055118" endy="65.27559055118" width="3.9370078740157" />
    <line layer="TOP_PLACE_BOUND" originx="65.27559055118" originy="65.27559055118" endx="65.27559055118" endy="-144.01574803149" width="3.9370078740157" />
    <line layer="TOP_PLACE_BOUND" originx="65.27559055118" originy="-144.01574803149" endx="-244.40944881889" endy="-144.01574803149" width="3.9370078740157" />
    <line layer="TOP_PLACE_BOUND" originx="-244.40944881889" originy="-144.01574803149" endx="-244.40944881889" endy="65.27559055118" width="3.9370078740157" />
    <line layer="TOP_SILKSCREEN" originx="-128.93700787401" originy="11.811023622047" endx="-50.1968503937" endy="11.811023622047" width="3.9370078740157" />
    <line layer="TOP_SILKSCREEN" originx="-128.93700787401" originy="-90.551181102361" endx="-50.1968503937" endy="-90.551181102361" width="3.9370078740157" />
  </footprint>
  <symbol name="GP1S094HCZ0F" originx="0" originy="0">
    <line originx="200" originy="100" endx="1300" endy="100" width="0" />
    <line originx="1300" originy="-200" endx="1300" endy="100" width="0" />
    <line originx="1300" originy="-200" endx="200" endy="-200" width="0" />
    <line originx="200" originy="100" endx="200" endy="-200" width="0" />
    <sympin number="1" originx="1300" originy="0" rotation="0" length="100" width="7.8740157480315" flipped="False">
      <text name="pinname" originx="1270" originy="0" style="Default" rotation="0" justify="right" flipped="False" hidden="False" data="ANODE" />
      <text name="pindes" originx="1360" originy="20" style="Default" rotation="0" justify="lowerleft" flipped="False" hidden="False" data="1" />
    </sympin>
    <sympin number="2" originx="200" originy="0" rotation="180" length="100" width="7.8740157480315" flipped="False">
      <text name="pinname" originx="230" originy="0" style="Default" rotation="0" justify="left" flipped="False" hidden="False" data="COLLECTOR" />
      <text name="pindes" originx="140" originy="20" style="Default" rotation="0" justify="lowerright" flipped="False" hidden="False" data="2" />
    </sympin>
    <sympin number="3" originx="200" originy="-100" rotation="180" length="100" width="7.8740157480315" flipped="False">
      <text name="pinname" originx="230" originy="-100" style="Default" rotation="0" justify="left" flipped="False" hidden="False" data="EMITTER" />
      <text name="pindes" originx="140" originy="-80" style="Default" rotation="0" justify="lowerright" flipped="False" hidden="False" data="3" />
    </sympin>
    <sympin number="4" originx="1300" originy="-100" rotation="0" length="100" width="7.8740157480315" flipped="False">
      <text name="pinname" originx="1270" originy="-100" style="Default" rotation="0" justify="right" flipped="False" hidden="False" data="CATHODE" />
      <text name="pindes" originx="1360" originy="-80" style="Default" rotation="0" justify="lowerleft" flipped="False" hidden="False" data="4" />
    </sympin>
  </symbol>
  <component name="GP1S094HCZ0F" designatorprefix="Q" height="188.97637795275" footprint="GP1S094HCZ0F">
    <comppin designator="1" sympin="1" pinswap="0" gateswap="0" gate="1" group="1" side="" type="Any" name="ANODE" />
    <comppin designator="2" sympin="2" pinswap="0" gateswap="0" gate="1" group="1" side="" type="Any" name="COLLECTOR" />
    <comppin designator="3" sympin="3" pinswap="0" gateswap="0" gate="1" group="1" side="" type="Any" name="EMITTER" />
    <comppin designator="4" sympin="4" pinswap="0" gateswap="0" gate="1" group="1" side="" type="Any" name="CATHODE" />
    <attached_symbol gate="1" name="GP1S094HCZ0F" />
    <pinmap designator="1" footprintpin="1" />
    <pinmap designator="2" footprintpin="2" />
    <pinmap designator="3" footprintpin="3" />
    <pinmap designator="4" footprintpin="4" />
    <text name="Datasheet" originx="0" originy="0" style="Default" rotation="0" justify="" flipped="False" hidden="True" data="http://www.sharp-world.com/products/device/lineup/data/pdf/datasheet/gp1s094hcz_e.pdf" />
    <text name="Description" originx="0" originy="0" style="Default" rotation="0" justify="" flipped="False" hidden="True" data="Sharp GP1S094HCZ0F Through Hole Slotted Optical Switch, Phototransistor Output" />
    <text name="Manufacturer_Name" originx="0" originy="0" style="Default" rotation="0" justify="" flipped="False" hidden="True" data="Sharp Microelectronics" />
    <text name="Manufacturer_Part_Number" originx="1350" originy="200" style="Default" rotation="0" justify="left" flipped="False" hidden="False" data="GP1S094HCZ0F" />
    <text name="Mouser Part Number" originx="0" originy="0" style="Default" rotation="0" justify="" flipped="False" hidden="True" data="852-GP1S094HCZ0F" />
    <text name="Mouser Price/Stock" originx="0" originy="0" style="Default" rotation="0" justify="" flipped="False" hidden="True" data="https://www.mouser.co.uk/ProductDetail/Sharp-Microelectronics/GP1S094HCZ0F?qs=5S%2F4hkdqNNdHndqaaxcjaw%3D%3D" />
    <text name="Arrow Part Number" originx="0" originy="0" style="Default" rotation="0" justify="" flipped="False" hidden="True" data="GP1S094HCZ0F" />
    <text name="Arrow Price/Stock" originx="0" originy="0" style="Default" rotation="0" justify="" flipped="False" hidden="True" data="https://www.arrow.com/en/products/gp1s094hcz0f/sharp?region=europe" />
  </component>
</quadcept_library>
