<?xml version="1.0" encoding="utf-8"?>
<!--/1080626/1505732/2.50/4/4/Undefined or Miscellaneous/-->
<quadcept_library>
  <setting unit="mil" />
  <textstyle name="Default" height="47.244094488189" strokewidth="7.8740157480315" charwidth="47.244094488189" />
  <textstyle name="Dimension" height="19.6850393700787" strokewidth="0" charwidth="19.6850393700787" />
  <textstyle name="H127W0635TH00762" height="50" strokewidth="3" charwidth="25" />
  <textstyle name="H15W15TH02" height="59.0551181102362" strokewidth="7.8740157480315" charwidth="59.0551181102362" />
  <padstyle name="r282_157" surface="True" plated="False" isvia="False" nopaste="False" nomask="True" complex="False" holesize="0">
    <padshape layer="TOP" shape="rectangle" width="61.811023622046" height="111.02362204724" />
    <padshape layer="TOP_SOLDER_MASK" shape="rectangle" width="69.685039370078" height="118.89763779527" />
    <padshape layer="TOP_SOLDER_PASTE" shape="rectangle" width="61.811023622046" height="111.02362204724" />
  </padstyle>
  <footprint name="3587" originx="0" originy="0" pickpointx="0" pickpointy="0">
    <pcbpin number="1" name="1" style="r282_157" originx="-264.96062992126" originy="124.4094488189" rotation="0" />
    <pcbpin number="2" name="2" style="r282_157" originx="-264.96062992126" originy="-124.4094488189" rotation="0" />
    <pcbpin number="3" name="3" style="r282_157" originx="264.96062992126" originy="-124.4094488189" rotation="0" />
    <pcbpin number="4" name="4" style="r282_157" originx="264.96062992126" originy="124.4094488189" rotation="0" />
    <line layer="TOP_ASSEMBLY" originx="-391.92913385826" originy="132.48031496063" endx="391.92913385826" endy="132.48031496063" width="7.8740157480314" />
    <line layer="TOP_ASSEMBLY" originx="391.92913385826" originy="132.48031496063" endx="391.92913385826" endy="-132.48031496063" width="7.8740157480314" />
    <line layer="TOP_ASSEMBLY" originx="391.92913385826" originy="-132.48031496063" endx="-391.92913385826" endy="-132.48031496063" width="7.8740157480314" />
    <line layer="TOP_ASSEMBLY" originx="-391.92913385826" originy="-132.48031496063" endx="-391.92913385826" endy="132.48031496063" width="7.8740157480314" />
    <line layer="TOP_PLACE_BOUND" originx="-431.29921259842" originy="219.29133858267" endx="431.29921259842" endy="219.29133858267" width="3.9370078740157" />
    <line layer="TOP_PLACE_BOUND" originx="431.29921259842" originy="219.29133858267" endx="431.29921259842" endy="-219.29133858267" width="3.9370078740157" />
    <line layer="TOP_PLACE_BOUND" originx="431.29921259842" originy="-219.29133858267" endx="-431.29921259842" endy="-219.29133858267" width="3.9370078740157" />
    <line layer="TOP_PLACE_BOUND" originx="-431.29921259842" originy="-219.29133858267" endx="-431.29921259842" endy="219.29133858267" width="3.9370078740157" />
    <line layer="TOP_SILKSCREEN" originx="-314.96062992126" originy="132.48031496063" endx="-391.92913385826" endy="132.48031496063" width="3.9370078740157" />
    <line layer="TOP_SILKSCREEN" originx="-391.92913385826" originy="132.48031496063" endx="-391.92913385826" endy="-132.48031496063" width="3.9370078740157" />
    <line layer="TOP_SILKSCREEN" originx="-391.92913385826" originy="-132.48031496063" endx="-314.96062992126" endy="-132.48031496063" width="3.9370078740157" />
    <line layer="TOP_SILKSCREEN" originx="314.96062992126" originy="132.48031496063" endx="391.92913385826" endy="132.48031496063" width="3.9370078740157" />
    <line layer="TOP_SILKSCREEN" originx="391.92913385826" originy="132.48031496063" endx="391.92913385826" endy="-132.48031496063" width="3.9370078740157" />
    <line layer="TOP_SILKSCREEN" originx="391.92913385826" originy="-132.48031496063" endx="314.96062992126" endy="-132.48031496063" width="3.9370078740157" />
    <line layer="TOP_SILKSCREEN" originx="-216.53543307086" originy="132.48031496063" endx="216.53543307086" endy="132.48031496063" width="3.9370078740157" />
    <line layer="TOP_SILKSCREEN" originx="-216.53543307086" originy="-132.48031496063" endx="216.53543307086" endy="-132.48031496063" width="3.9370078740157" />
  </footprint>
  <symbol name="3587" originx="0" originy="0">
    <line originx="200" originy="100" endx="600" endy="100" width="0" />
    <line originx="600" originy="-200" endx="600" endy="100" width="0" />
    <line originx="600" originy="-200" endx="200" endy="-200" width="0" />
    <line originx="200" originy="100" endx="200" endy="-200" width="0" />
    <sympin number="1" originx="200" originy="0" rotation="180" length="100" width="7.8740157480315" flipped="False">
      <text name="pinname" originx="230" originy="0" style="Default" rotation="0" justify="left" flipped="False" hidden="False" data="1" />
      <text name="pindes" originx="140" originy="20" style="Default" rotation="0" justify="lowerright" flipped="False" hidden="False" data="1" />
    </sympin>
    <sympin number="2" originx="200" originy="-100" rotation="180" length="100" width="7.8740157480315" flipped="False">
      <text name="pinname" originx="230" originy="-100" style="Default" rotation="0" justify="left" flipped="False" hidden="False" data="2" />
      <text name="pindes" originx="140" originy="-80" style="Default" rotation="0" justify="lowerright" flipped="False" hidden="False" data="2" />
    </sympin>
    <sympin number="3" originx="600" originy="-100" rotation="0" length="100" width="7.8740157480315" flipped="False">
      <text name="pinname" originx="570" originy="-100" style="Default" rotation="0" justify="right" flipped="False" hidden="False" data="3" />
      <text name="pindes" originx="660" originy="-80" style="Default" rotation="0" justify="lowerleft" flipped="False" hidden="False" data="3" />
    </sympin>
    <sympin number="4" originx="600" originy="0" rotation="0" length="100" width="7.8740157480315" flipped="False">
      <text name="pinname" originx="570" originy="0" style="Default" rotation="0" justify="right" flipped="False" hidden="False" data="4" />
      <text name="pindes" originx="660" originy="20" style="Default" rotation="0" justify="lowerleft" flipped="False" hidden="False" data="4" />
    </sympin>
  </symbol>
  <component name="3587" designatorprefix="U" height="275.5905511811" footprint="3587">
    <comppin designator="1" sympin="1" pinswap="0" gateswap="0" gate="1" group="1" side="" type="Any" name="1" />
    <comppin designator="2" sympin="2" pinswap="0" gateswap="0" gate="1" group="1" side="" type="Any" name="2" />
    <comppin designator="3" sympin="3" pinswap="0" gateswap="0" gate="1" group="1" side="" type="Any" name="3" />
    <comppin designator="4" sympin="4" pinswap="0" gateswap="0" gate="1" group="1" side="" type="Any" name="4" />
    <attached_symbol gate="1" name="3587" />
    <pinmap designator="1" footprintpin="1" />
    <pinmap designator="2" footprintpin="2" />
    <pinmap designator="3" footprintpin="3" />
    <pinmap designator="4" footprintpin="4" />
    <text name="Datasheet" originx="0" originy="0" style="Default" rotation="0" justify="" flipped="False" hidden="True" data="https://componentsearchengine.com/Datasheets/1/3587.pdf" />
    <text name="Description" originx="0" originy="0" style="Default" rotation="0" justify="" flipped="False" hidden="True" data="Adafruit Accessories DotStar Micro LEDs (APA102 2020)- Smart SMD RGB LED - 100 pack" />
    <text name="Manufacturer_Name" originx="0" originy="0" style="Default" rotation="0" justify="" flipped="False" hidden="True" data="Keystone Electronics" />
    <text name="Manufacturer_Part_Number" originx="650" originy="200" style="Default" rotation="0" justify="left" flipped="False" hidden="False" data="3587" />
    <text name="Mouser Part Number" originx="0" originy="0" style="Default" rotation="0" justify="" flipped="False" hidden="True" data="485-3587" />
    <text name="Mouser Price/Stock" originx="0" originy="0" style="Default" rotation="0" justify="" flipped="False" hidden="True" data="https://www.mouser.com/Search/Refine.aspx?Keyword=485-3587" />
    <text name="Arrow Part Number" originx="0" originy="0" style="Default" rotation="0" justify="" flipped="False" hidden="True" data="3587" />
    <text name="Arrow Price/Stock" originx="0" originy="0" style="Default" rotation="0" justify="" flipped="False" hidden="True" data="https://www.arrow.com/en/products/3587/keystone-electronics?utm_currency=USD&region=europe" />
  </component>
</quadcept_library>
