<?xml version="1.0" encoding="utf-8"?>
<!--/15433247/1505732/2.50/4/3/Fuse/-->
<quadcept_library>
  <setting unit="mil" />
  <textstyle name="Default" height="47.244094488189" strokewidth="7.8740157480315" charwidth="47.244094488189" />
  <textstyle name="Dimension" height="19.6850393700787" strokewidth="0" charwidth="19.6850393700787" />
  <textstyle name="H127W0635TH00762" height="50" strokewidth="3" charwidth="25" />
  <textstyle name="H15W15TH02" height="59.0551181102362" strokewidth="7.8740157480315" charwidth="59.0551181102362" />
  <padstyle name="c375_h250" surface="False" plated="True" isvia="False" nopaste="True" nomask="True" complex="False" holesize="98.425196850392">
    <padshape layer="TOP" shape="round" width="147.63779527559" height="147.63779527559" />
    <padshape layer="TOP_SOLDER_MASK" shape="round" width="155.51181102362" height="155.51181102362" />
    <padshape layer="INNER" shape="round" width="147.63779527559" height="147.63779527559" />
    <padshape layer="BOTTOM" shape="round" width="147.63779527559" height="147.63779527559" />
    <padshape layer="BOTTOM_SOLDER_MASK" shape="round" width="155.51181102362" height="155.51181102362" />
  </padstyle>
  <padstyle name="s375_h250" surface="False" plated="True" isvia="False" nopaste="True" nomask="True" complex="False" holesize="98.425196850392">
    <padshape layer="TOP" shape="square" width="147.63779527559" height="147.63779527559" />
    <padshape layer="TOP_SOLDER_MASK" shape="square" width="155.51181102362" height="155.51181102362" />
    <padshape layer="INNER" shape="square" width="147.63779527559" height="147.63779527559" />
    <padshape layer="BOTTOM" shape="square" width="147.63779527559" height="147.63779527559" />
    <padshape layer="BOTTOM_SOLDER_MASK" shape="square" width="155.51181102362" height="155.51181102362" />
  </padstyle>
  <footprint name="MCCQ121" originx="0" originy="0" pickpointx="0" pickpointy="0">
    <pcbpin number="1" name="1" style="s375_h250" originx="0" originy="0" rotation="90" />
    <pcbpin number="2" name="2" style="c375_h250" originx="196.85039370078" originy="0" rotation="90" />
    <pcbpin number="3" name="3" style="c375_h250" originx="354.33070866141" originy="0" rotation="90" />
    <pcbpin number="4" name="4" style="c375_h250" originx="551.1811023622" originy="0" rotation="90" />
    <line layer="TOP_ASSEMBLY" originx="-98.425196850392" originy="78.740157480314" endx="649.60629921259" endy="78.740157480314" width="3.9370078740157" />
    <line layer="TOP_ASSEMBLY" originx="649.60629921259" originy="78.740157480314" endx="649.60629921259" endy="-90.551181102361" width="3.9370078740157" />
    <line layer="TOP_ASSEMBLY" originx="649.60629921259" originy="-90.551181102361" endx="-98.425196850392" endy="-90.551181102361" width="3.9370078740157" />
    <line layer="TOP_ASSEMBLY" originx="-98.425196850392" originy="-90.551181102361" endx="-98.425196850392" endy="78.740157480314" width="3.9370078740157" />
    <line layer="TOP_PLACE_BOUND" originx="-137.79527559055" originy="118.11023622047" endx="688.97637795275" endy="118.11023622047" width="3.9370078740157" />
    <line layer="TOP_PLACE_BOUND" originx="688.97637795275" originy="118.11023622047" endx="688.97637795275" endy="-129.92125984252" width="3.9370078740157" />
    <line layer="TOP_PLACE_BOUND" originx="688.97637795275" originy="-129.92125984252" endx="-137.79527559055" endy="-129.92125984252" width="3.9370078740157" />
    <line layer="TOP_PLACE_BOUND" originx="-137.79527559055" originy="-129.92125984252" endx="-137.79527559055" endy="118.11023622047" width="3.9370078740157" />
    <line layer="TOP_SILKSCREEN" originx="649.60629921259" originy="78.740157480314" endx="649.60629921259" endy="-90.551181102361" width="7.8740157480314" />
    <line layer="TOP_SILKSCREEN" originx="649.60629921259" originy="-90.551181102361" endx="-98.425196850392" endy="-90.551181102361" width="7.8740157480314" />
    <line layer="TOP_SILKSCREEN" originx="-98.425196850392" originy="-90.551181102361" endx="-98.425196850392" endy="78.740157480314" width="7.8740157480314" />
    <line layer="TOP_SILKSCREEN" originx="-118.11023622047" originy="0" endx="-118.11023622047" endy="0" width="3.9370078740157" />
    <arc layer="TOP_SILKSCREEN" originx="-120.07874015748" originy="0" startangle=".0" sweepangle="180.0" radius="1.9685039370079" width="3.9370078740157" />
    <line layer="TOP_SILKSCREEN" originx="-122.04724409449" originy="0" endx="-122.04724409449" endy="0" width="3.9370078740157" />
    <arc layer="TOP_SILKSCREEN" originx="-120.07874015748" originy="0" startangle="-180.0" sweepangle="180.0" radius="1.9685039370079" width="3.9370078740157" />
  </footprint>
  <symbol name="MCCQ-121" originx="0" originy="0">
    <line originx="200" originy="100" endx="600" endy="100" width="0" />
    <line originx="600" originy="-400" endx="600" endy="100" width="0" />
    <line originx="600" originy="-400" endx="200" endy="-400" width="0" />
    <line originx="200" originy="100" endx="200" endy="-400" width="0" />
    <sympin number="1" originx="200" originy="0" rotation="180" length="100" width="7.8740157480315" flipped="False">
      <text name="pinname" originx="230" originy="0" style="Default" rotation="0" justify="left" flipped="False" hidden="False" data="1" />
      <text name="pindes" originx="140" originy="20" style="Default" rotation="0" justify="lowerright" flipped="False" hidden="False" data="1" />
    </sympin>
    <sympin number="2" originx="200" originy="-100" rotation="180" length="100" width="7.8740157480315" flipped="False">
      <text name="pinname" originx="230" originy="-100" style="Default" rotation="0" justify="left" flipped="False" hidden="False" data="2" />
      <text name="pindes" originx="140" originy="-80" style="Default" rotation="0" justify="lowerright" flipped="False" hidden="False" data="2" />
    </sympin>
    <sympin number="3" originx="200" originy="-200" rotation="180" length="100" width="7.8740157480315" flipped="False">
      <text name="pinname" originx="230" originy="-200" style="Default" rotation="0" justify="left" flipped="False" hidden="False" data="3" />
      <text name="pindes" originx="140" originy="-180" style="Default" rotation="0" justify="lowerright" flipped="False" hidden="False" data="3" />
    </sympin>
    <sympin number="4" originx="200" originy="-300" rotation="180" length="100" width="7.8740157480315" flipped="False">
      <text name="pinname" originx="230" originy="-300" style="Default" rotation="0" justify="left" flipped="False" hidden="False" data="4" />
      <text name="pindes" originx="140" originy="-280" style="Default" rotation="0" justify="lowerright" flipped="False" hidden="False" data="4" />
    </sympin>
  </symbol>
  <component name="MCCQ-121" designatorprefix="F" height="326.7716535433" footprint="MCCQ121">
    <comppin designator="1" sympin="1" pinswap="0" gateswap="0" gate="1" group="1" side="" type="Any" name="1" />
    <comppin designator="2" sympin="2" pinswap="0" gateswap="0" gate="1" group="1" side="" type="Any" name="2" />
    <comppin designator="3" sympin="3" pinswap="0" gateswap="0" gate="1" group="1" side="" type="Any" name="3" />
    <comppin designator="4" sympin="4" pinswap="0" gateswap="0" gate="1" group="1" side="" type="Any" name="4" />
    <attached_symbol gate="1" name="MCCQ-121" />
    <pinmap designator="1" footprintpin="1" />
    <pinmap designator="2" footprintpin="2" />
    <pinmap designator="3" footprintpin="3" />
    <pinmap designator="4" footprintpin="4" />
    <text name="Datasheet" originx="0" originy="0" style="Default" rotation="0" justify="" flipped="False" hidden="True" data="" />
    <text name="Description" originx="0" originy="0" style="Default" rotation="0" justify="" flipped="False" hidden="True" data="The MCCQ-121 from Multicomp Pro is a PCB mount ATO fuse holder." />
    <text name="Farnell Part Number" originx="0" originy="0" style="Default" rotation="0" justify="" flipped="False" hidden="True" data="" />
    <text name="Farnell Price/Stock" originx="0" originy="0" style="Default" rotation="0" justify="" flipped="False" hidden="True" data="" />
    <text name="Manufacturer_Name" originx="0" originy="0" style="Default" rotation="0" justify="" flipped="False" hidden="True" data="Multicomp Pro" />
    <text name="Manufacturer_Part_Number" originx="650" originy="200" style="Default" rotation="0" justify="left" flipped="False" hidden="False" data="MCCQ-121" />
  </component>
</quadcept_library>
